Absolute path,Relative path,Class
D:\lab1\copy_dataset\285.jpg,copy_dataset\285.jpg,leopard
D:\lab1\copy_dataset\4034.jpg,copy_dataset\4034.jpg,leopard
D:\lab1\copy_dataset\6287.jpg,copy_dataset\6287.jpg,leopard
D:\lab1\copy_dataset\9386.jpg,copy_dataset\9386.jpg,leopard
D:\lab1\copy_dataset\2141.jpg,copy_dataset\2141.jpg,leopard
D:\lab1\copy_dataset\6482.jpg,copy_dataset\6482.jpg,leopard
D:\lab1\copy_dataset\3339.jpg,copy_dataset\3339.jpg,leopard
D:\lab1\copy_dataset\2875.jpg,copy_dataset\2875.jpg,leopard
D:\lab1\copy_dataset\4862.jpg,copy_dataset\4862.jpg,leopard
D:\lab1\copy_dataset\7511.jpg,copy_dataset\7511.jpg,leopard
D:\lab1\copy_dataset\6251.jpg,copy_dataset\6251.jpg,leopard
D:\lab1\copy_dataset\2356.jpg,copy_dataset\2356.jpg,leopard
D:\lab1\copy_dataset\4799.jpg,copy_dataset\4799.jpg,leopard
D:\lab1\copy_dataset\8526.jpg,copy_dataset\8526.jpg,leopard
D:\lab1\copy_dataset\87.jpg,copy_dataset\87.jpg,leopard
D:\lab1\copy_dataset\604.jpg,copy_dataset\604.jpg,leopard
D:\lab1\copy_dataset\2614.jpg,copy_dataset\2614.jpg,leopard
D:\lab1\copy_dataset\1445.jpg,copy_dataset\1445.jpg,leopard
D:\lab1\copy_dataset\7374.jpg,copy_dataset\7374.jpg,leopard
D:\lab1\copy_dataset\4021.jpg,copy_dataset\4021.jpg,leopard
D:\lab1\copy_dataset\530.jpg,copy_dataset\530.jpg,leopard
D:\lab1\copy_dataset\3436.jpg,copy_dataset\3436.jpg,leopard
D:\lab1\copy_dataset\372.jpg,copy_dataset\372.jpg,leopard
D:\lab1\copy_dataset\3648.jpg,copy_dataset\3648.jpg,leopard
D:\lab1\copy_dataset\8893.jpg,copy_dataset\8893.jpg,leopard
D:\lab1\copy_dataset\3978.jpg,copy_dataset\3978.jpg,leopard
D:\lab1\copy_dataset\9836.jpg,copy_dataset\9836.jpg,leopard
D:\lab1\copy_dataset\4101.jpg,copy_dataset\4101.jpg,leopard
D:\lab1\copy_dataset\5396.jpg,copy_dataset\5396.jpg,leopard
D:\lab1\copy_dataset\9676.jpg,copy_dataset\9676.jpg,leopard
D:\lab1\copy_dataset\2295.jpg,copy_dataset\2295.jpg,leopard
D:\lab1\copy_dataset\3224.jpg,copy_dataset\3224.jpg,leopard
D:\lab1\copy_dataset\1995.jpg,copy_dataset\1995.jpg,leopard
D:\lab1\copy_dataset\3377.jpg,copy_dataset\3377.jpg,leopard
D:\lab1\copy_dataset\5001.jpg,copy_dataset\5001.jpg,leopard
D:\lab1\copy_dataset\8534.jpg,copy_dataset\8534.jpg,leopard
D:\lab1\copy_dataset\7894.jpg,copy_dataset\7894.jpg,leopard
D:\lab1\copy_dataset\1473.jpg,copy_dataset\1473.jpg,leopard
D:\lab1\copy_dataset\9657.jpg,copy_dataset\9657.jpg,leopard
D:\lab1\copy_dataset\8616.jpg,copy_dataset\8616.jpg,leopard
D:\lab1\copy_dataset\4900.jpg,copy_dataset\4900.jpg,leopard
D:\lab1\copy_dataset\1396.jpg,copy_dataset\1396.jpg,leopard
D:\lab1\copy_dataset\6887.jpg,copy_dataset\6887.jpg,leopard
D:\lab1\copy_dataset\1460.jpg,copy_dataset\1460.jpg,leopard
D:\lab1\copy_dataset\8333.jpg,copy_dataset\8333.jpg,leopard
D:\lab1\copy_dataset\7958.jpg,copy_dataset\7958.jpg,leopard
D:\lab1\copy_dataset\6678.jpg,copy_dataset\6678.jpg,leopard
D:\lab1\copy_dataset\6937.jpg,copy_dataset\6937.jpg,leopard
D:\lab1\copy_dataset\3342.jpg,copy_dataset\3342.jpg,leopard
D:\lab1\copy_dataset\7875.jpg,copy_dataset\7875.jpg,leopard
D:\lab1\copy_dataset\9656.jpg,copy_dataset\9656.jpg,leopard
D:\lab1\copy_dataset\9027.jpg,copy_dataset\9027.jpg,leopard
D:\lab1\copy_dataset\3925.jpg,copy_dataset\3925.jpg,leopard
D:\lab1\copy_dataset\9281.jpg,copy_dataset\9281.jpg,leopard
D:\lab1\copy_dataset\5616.jpg,copy_dataset\5616.jpg,leopard
D:\lab1\copy_dataset\6338.jpg,copy_dataset\6338.jpg,leopard
D:\lab1\copy_dataset\7259.jpg,copy_dataset\7259.jpg,leopard
D:\lab1\copy_dataset\2578.jpg,copy_dataset\2578.jpg,leopard
D:\lab1\copy_dataset\5168.jpg,copy_dataset\5168.jpg,leopard
D:\lab1\copy_dataset\254.jpg,copy_dataset\254.jpg,leopard
D:\lab1\copy_dataset\2240.jpg,copy_dataset\2240.jpg,leopard
D:\lab1\copy_dataset\4090.jpg,copy_dataset\4090.jpg,leopard
D:\lab1\copy_dataset\791.jpg,copy_dataset\791.jpg,leopard
D:\lab1\copy_dataset\5410.jpg,copy_dataset\5410.jpg,leopard
D:\lab1\copy_dataset\6466.jpg,copy_dataset\6466.jpg,leopard
D:\lab1\copy_dataset\5585.jpg,copy_dataset\5585.jpg,leopard
D:\lab1\copy_dataset\9701.jpg,copy_dataset\9701.jpg,leopard
D:\lab1\copy_dataset\4910.jpg,copy_dataset\4910.jpg,leopard
D:\lab1\copy_dataset\8580.jpg,copy_dataset\8580.jpg,leopard
D:\lab1\copy_dataset\207.jpg,copy_dataset\207.jpg,leopard
D:\lab1\copy_dataset\7716.jpg,copy_dataset\7716.jpg,leopard
D:\lab1\copy_dataset\1364.jpg,copy_dataset\1364.jpg,leopard
D:\lab1\copy_dataset\3669.jpg,copy_dataset\3669.jpg,leopard
D:\lab1\copy_dataset\1321.jpg,copy_dataset\1321.jpg,leopard
D:\lab1\copy_dataset\6043.jpg,copy_dataset\6043.jpg,leopard
D:\lab1\copy_dataset\119.jpg,copy_dataset\119.jpg,leopard
D:\lab1\copy_dataset\383.jpg,copy_dataset\383.jpg,leopard
D:\lab1\copy_dataset\3858.jpg,copy_dataset\3858.jpg,leopard
D:\lab1\copy_dataset\7755.jpg,copy_dataset\7755.jpg,leopard
D:\lab1\copy_dataset\7149.jpg,copy_dataset\7149.jpg,leopard
D:\lab1\copy_dataset\1503.jpg,copy_dataset\1503.jpg,leopard
D:\lab1\copy_dataset\4773.jpg,copy_dataset\4773.jpg,leopard
D:\lab1\copy_dataset\1840.jpg,copy_dataset\1840.jpg,leopard
D:\lab1\copy_dataset\9553.jpg,copy_dataset\9553.jpg,leopard
D:\lab1\copy_dataset\205.jpg,copy_dataset\205.jpg,leopard
D:\lab1\copy_dataset\7040.jpg,copy_dataset\7040.jpg,leopard
D:\lab1\copy_dataset\5150.jpg,copy_dataset\5150.jpg,leopard
D:\lab1\copy_dataset\1575.jpg,copy_dataset\1575.jpg,leopard
D:\lab1\copy_dataset\6059.jpg,copy_dataset\6059.jpg,leopard
D:\lab1\copy_dataset\1056.jpg,copy_dataset\1056.jpg,leopard
D:\lab1\copy_dataset\3225.jpg,copy_dataset\3225.jpg,leopard
D:\lab1\copy_dataset\6888.jpg,copy_dataset\6888.jpg,leopard
D:\lab1\copy_dataset\3799.jpg,copy_dataset\3799.jpg,leopard
D:\lab1\copy_dataset\6217.jpg,copy_dataset\6217.jpg,leopard
D:\lab1\copy_dataset\1294.jpg,copy_dataset\1294.jpg,leopard
D:\lab1\copy_dataset\1756.jpg,copy_dataset\1756.jpg,leopard
D:\lab1\copy_dataset\3856.jpg,copy_dataset\3856.jpg,leopard
D:\lab1\copy_dataset\1898.jpg,copy_dataset\1898.jpg,leopard
D:\lab1\copy_dataset\3100.jpg,copy_dataset\3100.jpg,leopard
D:\lab1\copy_dataset\8060.jpg,copy_dataset\8060.jpg,leopard
D:\lab1\copy_dataset\6318.jpg,copy_dataset\6318.jpg,leopard
D:\lab1\copy_dataset\7288.jpg,copy_dataset\7288.jpg,leopard
D:\lab1\copy_dataset\9272.jpg,copy_dataset\9272.jpg,leopard
D:\lab1\copy_dataset\7203.jpg,copy_dataset\7203.jpg,leopard
D:\lab1\copy_dataset\9312.jpg,copy_dataset\9312.jpg,leopard
D:\lab1\copy_dataset\3701.jpg,copy_dataset\3701.jpg,leopard
D:\lab1\copy_dataset\933.jpg,copy_dataset\933.jpg,leopard
D:\lab1\copy_dataset\2523.jpg,copy_dataset\2523.jpg,leopard
D:\lab1\copy_dataset\7263.jpg,copy_dataset\7263.jpg,leopard
D:\lab1\copy_dataset\7426.jpg,copy_dataset\7426.jpg,leopard
D:\lab1\copy_dataset\1369.jpg,copy_dataset\1369.jpg,leopard
D:\lab1\copy_dataset\6961.jpg,copy_dataset\6961.jpg,leopard
D:\lab1\copy_dataset\8624.jpg,copy_dataset\8624.jpg,leopard
D:\lab1\copy_dataset\7269.jpg,copy_dataset\7269.jpg,leopard
D:\lab1\copy_dataset\6897.jpg,copy_dataset\6897.jpg,leopard
D:\lab1\copy_dataset\188.jpg,copy_dataset\188.jpg,leopard
D:\lab1\copy_dataset\2991.jpg,copy_dataset\2991.jpg,leopard
D:\lab1\copy_dataset\7517.jpg,copy_dataset\7517.jpg,leopard
D:\lab1\copy_dataset\5398.jpg,copy_dataset\5398.jpg,leopard
D:\lab1\copy_dataset\5399.jpg,copy_dataset\5399.jpg,leopard
D:\lab1\copy_dataset\5606.jpg,copy_dataset\5606.jpg,leopard
D:\lab1\copy_dataset\3182.jpg,copy_dataset\3182.jpg,leopard
D:\lab1\copy_dataset\6061.jpg,copy_dataset\6061.jpg,leopard
D:\lab1\copy_dataset\2631.jpg,copy_dataset\2631.jpg,leopard
D:\lab1\copy_dataset\5536.jpg,copy_dataset\5536.jpg,leopard
D:\lab1\copy_dataset\1179.jpg,copy_dataset\1179.jpg,leopard
D:\lab1\copy_dataset\5873.jpg,copy_dataset\5873.jpg,leopard
D:\lab1\copy_dataset\4685.jpg,copy_dataset\4685.jpg,leopard
D:\lab1\copy_dataset\951.jpg,copy_dataset\951.jpg,leopard
D:\lab1\copy_dataset\8545.jpg,copy_dataset\8545.jpg,leopard
D:\lab1\copy_dataset\1212.jpg,copy_dataset\1212.jpg,leopard
D:\lab1\copy_dataset\1942.jpg,copy_dataset\1942.jpg,leopard
D:\lab1\copy_dataset\5134.jpg,copy_dataset\5134.jpg,leopard
D:\lab1\copy_dataset\8036.jpg,copy_dataset\8036.jpg,leopard
D:\lab1\copy_dataset\7653.jpg,copy_dataset\7653.jpg,leopard
D:\lab1\copy_dataset\8726.jpg,copy_dataset\8726.jpg,leopard
D:\lab1\copy_dataset\6819.jpg,copy_dataset\6819.jpg,leopard
D:\lab1\copy_dataset\867.jpg,copy_dataset\867.jpg,leopard
D:\lab1\copy_dataset\4311.jpg,copy_dataset\4311.jpg,leopard
D:\lab1\copy_dataset\4982.jpg,copy_dataset\4982.jpg,leopard
D:\lab1\copy_dataset\5048.jpg,copy_dataset\5048.jpg,leopard
D:\lab1\copy_dataset\9730.jpg,copy_dataset\9730.jpg,leopard
D:\lab1\copy_dataset\1658.jpg,copy_dataset\1658.jpg,leopard
D:\lab1\copy_dataset\1285.jpg,copy_dataset\1285.jpg,leopard
D:\lab1\copy_dataset\9436.jpg,copy_dataset\9436.jpg,leopard
D:\lab1\copy_dataset\5965.jpg,copy_dataset\5965.jpg,leopard
D:\lab1\copy_dataset\2107.jpg,copy_dataset\2107.jpg,leopard
D:\lab1\copy_dataset\5838.jpg,copy_dataset\5838.jpg,leopard
D:\lab1\copy_dataset\444.jpg,copy_dataset\444.jpg,leopard
D:\lab1\copy_dataset\9654.jpg,copy_dataset\9654.jpg,leopard
D:\lab1\copy_dataset\2248.jpg,copy_dataset\2248.jpg,tiger
D:\lab1\copy_dataset\4504.jpg,copy_dataset\4504.jpg,tiger
D:\lab1\copy_dataset\521.jpg,copy_dataset\521.jpg,tiger
D:\lab1\copy_dataset\744.jpg,copy_dataset\744.jpg,tiger
D:\lab1\copy_dataset\5929.jpg,copy_dataset\5929.jpg,tiger
D:\lab1\copy_dataset\9648.jpg,copy_dataset\9648.jpg,tiger
D:\lab1\copy_dataset\1603.jpg,copy_dataset\1603.jpg,tiger
D:\lab1\copy_dataset\5201.jpg,copy_dataset\5201.jpg,tiger
D:\lab1\copy_dataset\3894.jpg,copy_dataset\3894.jpg,tiger
D:\lab1\copy_dataset\4686.jpg,copy_dataset\4686.jpg,tiger
D:\lab1\copy_dataset\457.jpg,copy_dataset\457.jpg,tiger
D:\lab1\copy_dataset\2559.jpg,copy_dataset\2559.jpg,tiger
D:\lab1\copy_dataset\4734.jpg,copy_dataset\4734.jpg,tiger
D:\lab1\copy_dataset\8174.jpg,copy_dataset\8174.jpg,tiger
D:\lab1\copy_dataset\7750.jpg,copy_dataset\7750.jpg,tiger
D:\lab1\copy_dataset\2228.jpg,copy_dataset\2228.jpg,tiger
D:\lab1\copy_dataset\2223.jpg,copy_dataset\2223.jpg,tiger
D:\lab1\copy_dataset\6635.jpg,copy_dataset\6635.jpg,tiger
D:\lab1\copy_dataset\9423.jpg,copy_dataset\9423.jpg,tiger
D:\lab1\copy_dataset\8563.jpg,copy_dataset\8563.jpg,tiger
D:\lab1\copy_dataset\8012.jpg,copy_dataset\8012.jpg,tiger
D:\lab1\copy_dataset\3546.jpg,copy_dataset\3546.jpg,tiger
D:\lab1\copy_dataset\1770.jpg,copy_dataset\1770.jpg,tiger
D:\lab1\copy_dataset\9674.jpg,copy_dataset\9674.jpg,tiger
D:\lab1\copy_dataset\5902.jpg,copy_dataset\5902.jpg,tiger
D:\lab1\copy_dataset\8693.jpg,copy_dataset\8693.jpg,tiger
D:\lab1\copy_dataset\42.jpg,copy_dataset\42.jpg,tiger
D:\lab1\copy_dataset\9416.jpg,copy_dataset\9416.jpg,tiger
D:\lab1\copy_dataset\3643.jpg,copy_dataset\3643.jpg,tiger
D:\lab1\copy_dataset\4454.jpg,copy_dataset\4454.jpg,tiger
D:\lab1\copy_dataset\8398.jpg,copy_dataset\8398.jpg,tiger
D:\lab1\copy_dataset\9541.jpg,copy_dataset\9541.jpg,tiger
D:\lab1\copy_dataset\6352.jpg,copy_dataset\6352.jpg,tiger
D:\lab1\copy_dataset\794.jpg,copy_dataset\794.jpg,tiger
D:\lab1\copy_dataset\9034.jpg,copy_dataset\9034.jpg,tiger
D:\lab1\copy_dataset\7943.jpg,copy_dataset\7943.jpg,tiger
D:\lab1\copy_dataset\3682.jpg,copy_dataset\3682.jpg,tiger
D:\lab1\copy_dataset\1113.jpg,copy_dataset\1113.jpg,tiger
D:\lab1\copy_dataset\4539.jpg,copy_dataset\4539.jpg,tiger
D:\lab1\copy_dataset\6268.jpg,copy_dataset\6268.jpg,tiger
D:\lab1\copy_dataset\3439.jpg,copy_dataset\3439.jpg,tiger
D:\lab1\copy_dataset\6741.jpg,copy_dataset\6741.jpg,tiger
D:\lab1\copy_dataset\170.jpg,copy_dataset\170.jpg,tiger
D:\lab1\copy_dataset\2747.jpg,copy_dataset\2747.jpg,tiger
D:\lab1\copy_dataset\8743.jpg,copy_dataset\8743.jpg,tiger
D:\lab1\copy_dataset\9558.jpg,copy_dataset\9558.jpg,tiger
D:\lab1\copy_dataset\319.jpg,copy_dataset\319.jpg,tiger
D:\lab1\copy_dataset\2235.jpg,copy_dataset\2235.jpg,tiger
D:\lab1\copy_dataset\9489.jpg,copy_dataset\9489.jpg,tiger
D:\lab1\copy_dataset\1642.jpg,copy_dataset\1642.jpg,tiger
D:\lab1\copy_dataset\8406.jpg,copy_dataset\8406.jpg,tiger
D:\lab1\copy_dataset\3133.jpg,copy_dataset\3133.jpg,tiger
D:\lab1\copy_dataset\6194.jpg,copy_dataset\6194.jpg,tiger
D:\lab1\copy_dataset\9270.jpg,copy_dataset\9270.jpg,tiger
D:\lab1\copy_dataset\7026.jpg,copy_dataset\7026.jpg,tiger
D:\lab1\copy_dataset\8769.jpg,copy_dataset\8769.jpg,tiger
D:\lab1\copy_dataset\3595.jpg,copy_dataset\3595.jpg,tiger
D:\lab1\copy_dataset\7961.jpg,copy_dataset\7961.jpg,tiger
D:\lab1\copy_dataset\3460.jpg,copy_dataset\3460.jpg,tiger
D:\lab1\copy_dataset\5496.jpg,copy_dataset\5496.jpg,tiger
D:\lab1\copy_dataset\190.jpg,copy_dataset\190.jpg,tiger
D:\lab1\copy_dataset\5472.jpg,copy_dataset\5472.jpg,tiger
D:\lab1\copy_dataset\3991.jpg,copy_dataset\3991.jpg,tiger
D:\lab1\copy_dataset\9565.jpg,copy_dataset\9565.jpg,tiger
D:\lab1\copy_dataset\8742.jpg,copy_dataset\8742.jpg,tiger
D:\lab1\copy_dataset\7503.jpg,copy_dataset\7503.jpg,tiger
D:\lab1\copy_dataset\3334.jpg,copy_dataset\3334.jpg,tiger
D:\lab1\copy_dataset\6990.jpg,copy_dataset\6990.jpg,tiger
D:\lab1\copy_dataset\701.jpg,copy_dataset\701.jpg,tiger
D:\lab1\copy_dataset\9016.jpg,copy_dataset\9016.jpg,tiger
D:\lab1\copy_dataset\7926.jpg,copy_dataset\7926.jpg,tiger
D:\lab1\copy_dataset\3533.jpg,copy_dataset\3533.jpg,tiger
D:\lab1\copy_dataset\3420.jpg,copy_dataset\3420.jpg,tiger
D:\lab1\copy_dataset\1267.jpg,copy_dataset\1267.jpg,tiger
D:\lab1\copy_dataset\9882.jpg,copy_dataset\9882.jpg,tiger
D:\lab1\copy_dataset\1704.jpg,copy_dataset\1704.jpg,tiger
D:\lab1\copy_dataset\9167.jpg,copy_dataset\9167.jpg,tiger
D:\lab1\copy_dataset\2998.jpg,copy_dataset\2998.jpg,tiger
D:\lab1\copy_dataset\5910.jpg,copy_dataset\5910.jpg,tiger
D:\lab1\copy_dataset\4938.jpg,copy_dataset\4938.jpg,tiger
D:\lab1\copy_dataset\7309.jpg,copy_dataset\7309.jpg,tiger
D:\lab1\copy_dataset\9502.jpg,copy_dataset\9502.jpg,tiger
D:\lab1\copy_dataset\8600.jpg,copy_dataset\8600.jpg,tiger
D:\lab1\copy_dataset\4906.jpg,copy_dataset\4906.jpg,tiger
D:\lab1\copy_dataset\6151.jpg,copy_dataset\6151.jpg,tiger
D:\lab1\copy_dataset\2207.jpg,copy_dataset\2207.jpg,tiger
D:\lab1\copy_dataset\8523.jpg,copy_dataset\8523.jpg,tiger
D:\lab1\copy_dataset\9866.jpg,copy_dataset\9866.jpg,tiger
D:\lab1\copy_dataset\1205.jpg,copy_dataset\1205.jpg,tiger
D:\lab1\copy_dataset\902.jpg,copy_dataset\902.jpg,tiger
D:\lab1\copy_dataset\4033.jpg,copy_dataset\4033.jpg,tiger
D:\lab1\copy_dataset\5918.jpg,copy_dataset\5918.jpg,tiger
D:\lab1\copy_dataset\114.jpg,copy_dataset\114.jpg,tiger
D:\lab1\copy_dataset\885.jpg,copy_dataset\885.jpg,tiger
D:\lab1\copy_dataset\7835.jpg,copy_dataset\7835.jpg,tiger
D:\lab1\copy_dataset\7717.jpg,copy_dataset\7717.jpg,tiger
D:\lab1\copy_dataset\2085.jpg,copy_dataset\2085.jpg,tiger
D:\lab1\copy_dataset\3373.jpg,copy_dataset\3373.jpg,tiger
D:\lab1\copy_dataset\7038.jpg,copy_dataset\7038.jpg,tiger
D:\lab1\copy_dataset\7464.jpg,copy_dataset\7464.jpg,tiger
D:\lab1\copy_dataset\3478.jpg,copy_dataset\3478.jpg,tiger
D:\lab1\copy_dataset\4451.jpg,copy_dataset\4451.jpg,tiger
D:\lab1\copy_dataset\750.jpg,copy_dataset\750.jpg,tiger
D:\lab1\copy_dataset\4074.jpg,copy_dataset\4074.jpg,tiger
D:\lab1\copy_dataset\2220.jpg,copy_dataset\2220.jpg,tiger
D:\lab1\copy_dataset\3544.jpg,copy_dataset\3544.jpg,tiger
D:\lab1\copy_dataset\2051.jpg,copy_dataset\2051.jpg,tiger
D:\lab1\copy_dataset\4971.jpg,copy_dataset\4971.jpg,tiger
D:\lab1\copy_dataset\5611.jpg,copy_dataset\5611.jpg,tiger
D:\lab1\copy_dataset\712.jpg,copy_dataset\712.jpg,tiger
D:\lab1\copy_dataset\7165.jpg,copy_dataset\7165.jpg,tiger
D:\lab1\copy_dataset\2545.jpg,copy_dataset\2545.jpg,tiger
D:\lab1\copy_dataset\7437.jpg,copy_dataset\7437.jpg,tiger
D:\lab1\copy_dataset\4244.jpg,copy_dataset\4244.jpg,tiger
D:\lab1\copy_dataset\6025.jpg,copy_dataset\6025.jpg,tiger
D:\lab1\copy_dataset\2724.jpg,copy_dataset\2724.jpg,tiger
D:\lab1\copy_dataset\4994.jpg,copy_dataset\4994.jpg,tiger
D:\lab1\copy_dataset\8942.jpg,copy_dataset\8942.jpg,tiger
D:\lab1\copy_dataset\262.jpg,copy_dataset\262.jpg,tiger
D:\lab1\copy_dataset\7339.jpg,copy_dataset\7339.jpg,tiger
D:\lab1\copy_dataset\9580.jpg,copy_dataset\9580.jpg,tiger
D:\lab1\copy_dataset\5996.jpg,copy_dataset\5996.jpg,tiger
D:\lab1\copy_dataset\6002.jpg,copy_dataset\6002.jpg,tiger
D:\lab1\copy_dataset\6453.jpg,copy_dataset\6453.jpg,tiger
D:\lab1\copy_dataset\2897.jpg,copy_dataset\2897.jpg,tiger
D:\lab1\copy_dataset\1332.jpg,copy_dataset\1332.jpg,tiger
D:\lab1\copy_dataset\3434.jpg,copy_dataset\3434.jpg,tiger
D:\lab1\copy_dataset\82.jpg,copy_dataset\82.jpg,tiger
D:\lab1\copy_dataset\2472.jpg,copy_dataset\2472.jpg,tiger
D:\lab1\copy_dataset\4439.jpg,copy_dataset\4439.jpg,tiger
D:\lab1\copy_dataset\2487.jpg,copy_dataset\2487.jpg,tiger
D:\lab1\copy_dataset\9292.jpg,copy_dataset\9292.jpg,tiger
D:\lab1\copy_dataset\1196.jpg,copy_dataset\1196.jpg,tiger
D:\lab1\copy_dataset\2089.jpg,copy_dataset\2089.jpg,tiger
D:\lab1\copy_dataset\8491.jpg,copy_dataset\8491.jpg,tiger
D:\lab1\copy_dataset\3250.jpg,copy_dataset\3250.jpg,tiger
D:\lab1\copy_dataset\2290.jpg,copy_dataset\2290.jpg,tiger
D:\lab1\copy_dataset\19.jpg,copy_dataset\19.jpg,tiger
D:\lab1\copy_dataset\4688.jpg,copy_dataset\4688.jpg,tiger
D:\lab1\copy_dataset\8011.jpg,copy_dataset\8011.jpg,tiger
D:\lab1\copy_dataset\9109.jpg,copy_dataset\9109.jpg,tiger
D:\lab1\copy_dataset\7737.jpg,copy_dataset\7737.jpg,tiger
D:\lab1\copy_dataset\1457.jpg,copy_dataset\1457.jpg,tiger
D:\lab1\copy_dataset\5322.jpg,copy_dataset\5322.jpg,tiger
D:\lab1\copy_dataset\9490.jpg,copy_dataset\9490.jpg,tiger
D:\lab1\copy_dataset\6458.jpg,copy_dataset\6458.jpg,tiger
D:\lab1\copy_dataset\2394.jpg,copy_dataset\2394.jpg,tiger
D:\lab1\copy_dataset\9677.jpg,copy_dataset\9677.jpg,tiger
D:\lab1\copy_dataset\6374.jpg,copy_dataset\6374.jpg,tiger
D:\lab1\copy_dataset\8876.jpg,copy_dataset\8876.jpg,tiger
D:\lab1\copy_dataset\4655.jpg,copy_dataset\4655.jpg,tiger
D:\lab1\copy_dataset\8722.jpg,copy_dataset\8722.jpg,tiger
D:\lab1\copy_dataset\6021.jpg,copy_dataset\6021.jpg,tiger
D:\lab1\copy_dataset\4967.jpg,copy_dataset\4967.jpg,tiger
D:\lab1\copy_dataset\8938.jpg,copy_dataset\8938.jpg,tiger
D:\lab1\copy_dataset\4275.jpg,copy_dataset\4275.jpg,tiger
D:\lab1\copy_dataset\9317.jpg,copy_dataset\9317.jpg,tiger
D:\lab1\copy_dataset\8164.jpg,copy_dataset\8164.jpg,tiger
D:\lab1\copy_dataset\3014.jpg,copy_dataset\3014.jpg,tiger
D:\lab1\copy_dataset\3185.jpg,copy_dataset\3185.jpg,tiger
D:\lab1\copy_dataset\5994.jpg,copy_dataset\5994.jpg,tiger
D:\lab1\copy_dataset\2146.jpg,copy_dataset\2146.jpg,tiger
D:\lab1\copy_dataset\824.jpg,copy_dataset\824.jpg,tiger
D:\lab1\copy_dataset\3542.jpg,copy_dataset\3542.jpg,tiger
D:\lab1\copy_dataset\7358.jpg,copy_dataset\7358.jpg,tiger
D:\lab1\copy_dataset\1710.jpg,copy_dataset\1710.jpg,tiger
D:\lab1\copy_dataset\1174.jpg,copy_dataset\1174.jpg,tiger
D:\lab1\copy_dataset\8891.jpg,copy_dataset\8891.jpg,tiger
D:\lab1\copy_dataset\5424.jpg,copy_dataset\5424.jpg,tiger
D:\lab1\copy_dataset\1157.jpg,copy_dataset\1157.jpg,tiger
D:\lab1\copy_dataset\3768.jpg,copy_dataset\3768.jpg,tiger
D:\lab1\copy_dataset\7323.jpg,copy_dataset\7323.jpg,tiger
D:\lab1\copy_dataset\5855.jpg,copy_dataset\5855.jpg,tiger
D:\lab1\copy_dataset\766.jpg,copy_dataset\766.jpg,tiger
D:\lab1\copy_dataset\635.jpg,copy_dataset\635.jpg,tiger
D:\lab1\copy_dataset\2993.jpg,copy_dataset\2993.jpg,tiger
D:\lab1\copy_dataset\5706.jpg,copy_dataset\5706.jpg,tiger
D:\lab1\copy_dataset\976.jpg,copy_dataset\976.jpg,tiger
D:\lab1\copy_dataset\8205.jpg,copy_dataset\8205.jpg,tiger
D:\lab1\copy_dataset\6853.jpg,copy_dataset\6853.jpg,tiger
D:\lab1\copy_dataset\4494.jpg,copy_dataset\4494.jpg,tiger
D:\lab1\copy_dataset\53.jpg,copy_dataset\53.jpg,tiger
D:\lab1\copy_dataset\8262.jpg,copy_dataset\8262.jpg,tiger
D:\lab1\copy_dataset\3309.jpg,copy_dataset\3309.jpg,tiger
D:\lab1\copy_dataset\715.jpg,copy_dataset\715.jpg,tiger
D:\lab1\copy_dataset\8108.jpg,copy_dataset\8108.jpg,tiger
D:\lab1\copy_dataset\4808.jpg,copy_dataset\4808.jpg,tiger
D:\lab1\copy_dataset\771.jpg,copy_dataset\771.jpg,tiger
D:\lab1\copy_dataset\8824.jpg,copy_dataset\8824.jpg,tiger
D:\lab1\copy_dataset\3890.jpg,copy_dataset\3890.jpg,tiger
D:\lab1\copy_dataset\5659.jpg,copy_dataset\5659.jpg,tiger
D:\lab1\copy_dataset\6854.jpg,copy_dataset\6854.jpg,tiger
D:\lab1\copy_dataset\6117.jpg,copy_dataset\6117.jpg,tiger
D:\lab1\copy_dataset\3159.jpg,copy_dataset\3159.jpg,tiger
D:\lab1\copy_dataset\2931.jpg,copy_dataset\2931.jpg,tiger
D:\lab1\copy_dataset\7128.jpg,copy_dataset\7128.jpg,tiger
D:\lab1\copy_dataset\8572.jpg,copy_dataset\8572.jpg,tiger
D:\lab1\copy_dataset\8153.jpg,copy_dataset\8153.jpg,tiger
D:\lab1\copy_dataset\2524.jpg,copy_dataset\2524.jpg,tiger
D:\lab1\copy_dataset\7266.jpg,copy_dataset\7266.jpg,tiger
D:\lab1\copy_dataset\6935.jpg,copy_dataset\6935.jpg,tiger
D:\lab1\copy_dataset\6636.jpg,copy_dataset\6636.jpg,tiger
D:\lab1\copy_dataset\3727.jpg,copy_dataset\3727.jpg,tiger
D:\lab1\copy_dataset\3757.jpg,copy_dataset\3757.jpg,tiger
D:\lab1\copy_dataset\5160.jpg,copy_dataset\5160.jpg,tiger
D:\lab1\copy_dataset\506.jpg,copy_dataset\506.jpg,tiger
D:\lab1\copy_dataset\3356.jpg,copy_dataset\3356.jpg,tiger
D:\lab1\copy_dataset\7647.jpg,copy_dataset\7647.jpg,tiger
D:\lab1\copy_dataset\6263.jpg,copy_dataset\6263.jpg,tiger
D:\lab1\copy_dataset\3523.jpg,copy_dataset\3523.jpg,tiger
D:\lab1\copy_dataset\5885.jpg,copy_dataset\5885.jpg,tiger
D:\lab1\copy_dataset\717.jpg,copy_dataset\717.jpg,tiger
D:\lab1\copy_dataset\1973.jpg,copy_dataset\1973.jpg,tiger
D:\lab1\copy_dataset\3995.jpg,copy_dataset\3995.jpg,tiger
D:\lab1\copy_dataset\6893.jpg,copy_dataset\6893.jpg,tiger
D:\lab1\copy_dataset\6373.jpg,copy_dataset\6373.jpg,tiger
D:\lab1\copy_dataset\6511.jpg,copy_dataset\6511.jpg,tiger
D:\lab1\copy_dataset\485.jpg,copy_dataset\485.jpg,tiger
D:\lab1\copy_dataset\2519.jpg,copy_dataset\2519.jpg,tiger
D:\lab1\copy_dataset\163.jpg,copy_dataset\163.jpg,tiger
D:\lab1\copy_dataset\4986.jpg,copy_dataset\4986.jpg,tiger
D:\lab1\copy_dataset\6987.jpg,copy_dataset\6987.jpg,tiger
D:\lab1\copy_dataset\7479.jpg,copy_dataset\7479.jpg,tiger
D:\lab1\copy_dataset\7421.jpg,copy_dataset\7421.jpg,tiger
D:\lab1\copy_dataset\9957.jpg,copy_dataset\9957.jpg,tiger
D:\lab1\copy_dataset\5389.jpg,copy_dataset\5389.jpg,tiger
D:\lab1\copy_dataset\3125.jpg,copy_dataset\3125.jpg,tiger
D:\lab1\copy_dataset\1053.jpg,copy_dataset\1053.jpg,tiger
D:\lab1\copy_dataset\2751.jpg,copy_dataset\2751.jpg,tiger
D:\lab1\copy_dataset\2891.jpg,copy_dataset\2891.jpg,tiger
D:\lab1\copy_dataset\6679.jpg,copy_dataset\6679.jpg,tiger
D:\lab1\copy_dataset\2823.jpg,copy_dataset\2823.jpg,tiger
D:\lab1\copy_dataset\7198.jpg,copy_dataset\7198.jpg,tiger
D:\lab1\copy_dataset\1663.jpg,copy_dataset\1663.jpg,tiger
D:\lab1\copy_dataset\1522.jpg,copy_dataset\1522.jpg,tiger
D:\lab1\copy_dataset\5975.jpg,copy_dataset\5975.jpg,tiger
D:\lab1\copy_dataset\4330.jpg,copy_dataset\4330.jpg,tiger
D:\lab1\copy_dataset\1075.jpg,copy_dataset\1075.jpg,tiger
D:\lab1\copy_dataset\3042.jpg,copy_dataset\3042.jpg,tiger
D:\lab1\copy_dataset\8814.jpg,copy_dataset\8814.jpg,tiger
D:\lab1\copy_dataset\4432.jpg,copy_dataset\4432.jpg,tiger
D:\lab1\copy_dataset\2042.jpg,copy_dataset\2042.jpg,tiger
D:\lab1\copy_dataset\1994.jpg,copy_dataset\1994.jpg,tiger
D:\lab1\copy_dataset\1910.jpg,copy_dataset\1910.jpg,tiger
D:\lab1\copy_dataset\6513.jpg,copy_dataset\6513.jpg,tiger
D:\lab1\copy_dataset\1502.jpg,copy_dataset\1502.jpg,tiger
D:\lab1\copy_dataset\4604.jpg,copy_dataset\4604.jpg,tiger
D:\lab1\copy_dataset\2249.jpg,copy_dataset\2249.jpg,tiger
D:\lab1\copy_dataset\5153.jpg,copy_dataset\5153.jpg,tiger
D:\lab1\copy_dataset\5332.jpg,copy_dataset\5332.jpg,tiger
D:\lab1\copy_dataset\5427.jpg,copy_dataset\5427.jpg,tiger
D:\lab1\copy_dataset\4379.jpg,copy_dataset\4379.jpg,tiger
D:\lab1\copy_dataset\5044.jpg,copy_dataset\5044.jpg,tiger
D:\lab1\copy_dataset\9010.jpg,copy_dataset\9010.jpg,tiger
D:\lab1\copy_dataset\5137.jpg,copy_dataset\5137.jpg,tiger
D:\lab1\copy_dataset\1535.jpg,copy_dataset\1535.jpg,tiger
D:\lab1\copy_dataset\7002.jpg,copy_dataset\7002.jpg,tiger
D:\lab1\copy_dataset\5513.jpg,copy_dataset\5513.jpg,tiger
D:\lab1\copy_dataset\8775.jpg,copy_dataset\8775.jpg,tiger
D:\lab1\copy_dataset\8379.jpg,copy_dataset\8379.jpg,tiger
D:\lab1\copy_dataset\2121.jpg,copy_dataset\2121.jpg,tiger
D:\lab1\copy_dataset\8907.jpg,copy_dataset\8907.jpg,tiger
D:\lab1\copy_dataset\9627.jpg,copy_dataset\9627.jpg,tiger
D:\lab1\copy_dataset\2460.jpg,copy_dataset\2460.jpg,tiger
D:\lab1\copy_dataset\9237.jpg,copy_dataset\9237.jpg,tiger
D:\lab1\copy_dataset\4583.jpg,copy_dataset\4583.jpg,tiger
D:\lab1\copy_dataset\8288.jpg,copy_dataset\8288.jpg,tiger
D:\lab1\copy_dataset\6312.jpg,copy_dataset\6312.jpg,tiger
D:\lab1\copy_dataset\2905.jpg,copy_dataset\2905.jpg,tiger
D:\lab1\copy_dataset\2653.jpg,copy_dataset\2653.jpg,tiger
D:\lab1\copy_dataset\1351.jpg,copy_dataset\1351.jpg,tiger
D:\lab1\copy_dataset\8365.jpg,copy_dataset\8365.jpg,tiger
D:\lab1\copy_dataset\6274.jpg,copy_dataset\6274.jpg,tiger
D:\lab1\copy_dataset\468.jpg,copy_dataset\468.jpg,tiger
D:\lab1\copy_dataset\5026.jpg,copy_dataset\5026.jpg,tiger
D:\lab1\copy_dataset\3737.jpg,copy_dataset\3737.jpg,tiger
D:\lab1\copy_dataset\9178.jpg,copy_dataset\9178.jpg,tiger
D:\lab1\copy_dataset\8013.jpg,copy_dataset\8013.jpg,tiger
D:\lab1\copy_dataset\4001.jpg,copy_dataset\4001.jpg,tiger
D:\lab1\copy_dataset\2501.jpg,copy_dataset\2501.jpg,tiger
D:\lab1\copy_dataset\4028.jpg,copy_dataset\4028.jpg,tiger
D:\lab1\copy_dataset\7764.jpg,copy_dataset\7764.jpg,tiger
D:\lab1\copy_dataset\7785.jpg,copy_dataset\7785.jpg,tiger
D:\lab1\copy_dataset\7841.jpg,copy_dataset\7841.jpg,tiger
D:\lab1\copy_dataset\4506.jpg,copy_dataset\4506.jpg,tiger
D:\lab1\copy_dataset\3069.jpg,copy_dataset\3069.jpg,tiger
D:\lab1\copy_dataset\1547.jpg,copy_dataset\1547.jpg,tiger
D:\lab1\copy_dataset\1847.jpg,copy_dataset\1847.jpg,tiger
D:\lab1\copy_dataset\4304.jpg,copy_dataset\4304.jpg,tiger
D:\lab1\copy_dataset\1126.jpg,copy_dataset\1126.jpg,tiger
D:\lab1\copy_dataset\3394.jpg,copy_dataset\3394.jpg,tiger
D:\lab1\copy_dataset\1352.jpg,copy_dataset\1352.jpg,tiger
D:\lab1\copy_dataset\1314.jpg,copy_dataset\1314.jpg,tiger
D:\lab1\copy_dataset\9080.jpg,copy_dataset\9080.jpg,tiger
D:\lab1\copy_dataset\6328.jpg,copy_dataset\6328.jpg,tiger
D:\lab1\copy_dataset\7109.jpg,copy_dataset\7109.jpg,tiger
D:\lab1\copy_dataset\2944.jpg,copy_dataset\2944.jpg,tiger
D:\lab1\copy_dataset\4852.jpg,copy_dataset\4852.jpg,tiger
D:\lab1\copy_dataset\6742.jpg,copy_dataset\6742.jpg,tiger
D:\lab1\copy_dataset\5156.jpg,copy_dataset\5156.jpg,tiger
D:\lab1\copy_dataset\5275.jpg,copy_dataset\5275.jpg,tiger
D:\lab1\copy_dataset\8447.jpg,copy_dataset\8447.jpg,tiger
D:\lab1\copy_dataset\2014.jpg,copy_dataset\2014.jpg,tiger
D:\lab1\copy_dataset\1452.jpg,copy_dataset\1452.jpg,tiger
D:\lab1\copy_dataset\453.jpg,copy_dataset\453.jpg,tiger
D:\lab1\copy_dataset\5556.jpg,copy_dataset\5556.jpg,tiger
D:\lab1\copy_dataset\7747.jpg,copy_dataset\7747.jpg,tiger
D:\lab1\copy_dataset\4141.jpg,copy_dataset\4141.jpg,tiger
D:\lab1\copy_dataset\6008.jpg,copy_dataset\6008.jpg,tiger
D:\lab1\copy_dataset\1329.jpg,copy_dataset\1329.jpg,tiger
D:\lab1\copy_dataset\4764.jpg,copy_dataset\4764.jpg,tiger
D:\lab1\copy_dataset\5744.jpg,copy_dataset\5744.jpg,tiger
D:\lab1\copy_dataset\8613.jpg,copy_dataset\8613.jpg,tiger
D:\lab1\copy_dataset\3837.jpg,copy_dataset\3837.jpg,tiger
D:\lab1\copy_dataset\2850.jpg,copy_dataset\2850.jpg,tiger
D:\lab1\copy_dataset\624.jpg,copy_dataset\624.jpg,tiger
D:\lab1\copy_dataset\7556.jpg,copy_dataset\7556.jpg,tiger
D:\lab1\copy_dataset\3670.jpg,copy_dataset\3670.jpg,tiger
D:\lab1\copy_dataset\4185.jpg,copy_dataset\4185.jpg,tiger
D:\lab1\copy_dataset\5968.jpg,copy_dataset\5968.jpg,tiger
D:\lab1\copy_dataset\1794.jpg,copy_dataset\1794.jpg,tiger
D:\lab1\copy_dataset\2493.jpg,copy_dataset\2493.jpg,tiger
D:\lab1\copy_dataset\8584.jpg,copy_dataset\8584.jpg,tiger
D:\lab1\copy_dataset\4752.jpg,copy_dataset\4752.jpg,tiger
D:\lab1\copy_dataset\1406.jpg,copy_dataset\1406.jpg,tiger
D:\lab1\copy_dataset\2133.jpg,copy_dataset\2133.jpg,tiger
D:\lab1\copy_dataset\9238.jpg,copy_dataset\9238.jpg,tiger
D:\lab1\copy_dataset\8565.jpg,copy_dataset\8565.jpg,tiger
D:\lab1\copy_dataset\1811.jpg,copy_dataset\1811.jpg,tiger
D:\lab1\copy_dataset\7917.jpg,copy_dataset\7917.jpg,tiger
D:\lab1\copy_dataset\4086.jpg,copy_dataset\4086.jpg,tiger
D:\lab1\copy_dataset\1701.jpg,copy_dataset\1701.jpg,tiger
D:\lab1\copy_dataset\80.jpg,copy_dataset\80.jpg,tiger
D:\lab1\copy_dataset\9398.jpg,copy_dataset\9398.jpg,tiger
D:\lab1\copy_dataset\8190.jpg,copy_dataset\8190.jpg,tiger
D:\lab1\copy_dataset\3459.jpg,copy_dataset\3459.jpg,tiger
D:\lab1\copy_dataset\6776.jpg,copy_dataset\6776.jpg,tiger
D:\lab1\copy_dataset\9721.jpg,copy_dataset\9721.jpg,tiger
D:\lab1\copy_dataset\8182.jpg,copy_dataset\8182.jpg,tiger
D:\lab1\copy_dataset\6451.jpg,copy_dataset\6451.jpg,tiger
D:\lab1\copy_dataset\3898.jpg,copy_dataset\3898.jpg,tiger
D:\lab1\copy_dataset\3416.jpg,copy_dataset\3416.jpg,tiger
D:\lab1\copy_dataset\7756.jpg,copy_dataset\7756.jpg,tiger
D:\lab1\copy_dataset\4359.jpg,copy_dataset\4359.jpg,tiger
D:\lab1\copy_dataset\8787.jpg,copy_dataset\8787.jpg,tiger
D:\lab1\copy_dataset\5590.jpg,copy_dataset\5590.jpg,tiger
D:\lab1\copy_dataset\2999.jpg,copy_dataset\2999.jpg,tiger
D:\lab1\copy_dataset\6489.jpg,copy_dataset\6489.jpg,tiger
D:\lab1\copy_dataset\6552.jpg,copy_dataset\6552.jpg,tiger
D:\lab1\copy_dataset\5886.jpg,copy_dataset\5886.jpg,tiger
D:\lab1\copy_dataset\9096.jpg,copy_dataset\9096.jpg,tiger
D:\lab1\copy_dataset\2953.jpg,copy_dataset\2953.jpg,tiger
D:\lab1\copy_dataset\1349.jpg,copy_dataset\1349.jpg,tiger
D:\lab1\copy_dataset\2494.jpg,copy_dataset\2494.jpg,tiger
D:\lab1\copy_dataset\1738.jpg,copy_dataset\1738.jpg,tiger
D:\lab1\copy_dataset\4763.jpg,copy_dataset\4763.jpg,tiger
D:\lab1\copy_dataset\1163.jpg,copy_dataset\1163.jpg,tiger
D:\lab1\copy_dataset\8097.jpg,copy_dataset\8097.jpg,tiger
D:\lab1\copy_dataset\4358.jpg,copy_dataset\4358.jpg,tiger
D:\lab1\copy_dataset\6909.jpg,copy_dataset\6909.jpg,tiger
D:\lab1\copy_dataset\6891.jpg,copy_dataset\6891.jpg,tiger
D:\lab1\copy_dataset\6771.jpg,copy_dataset\6771.jpg,tiger
D:\lab1\copy_dataset\547.jpg,copy_dataset\547.jpg,tiger
D:\lab1\copy_dataset\9747.jpg,copy_dataset\9747.jpg,tiger
D:\lab1\copy_dataset\5251.jpg,copy_dataset\5251.jpg,tiger
D:\lab1\copy_dataset\9694.jpg,copy_dataset\9694.jpg,tiger
D:\lab1\copy_dataset\7794.jpg,copy_dataset\7794.jpg,tiger
D:\lab1\copy_dataset\4112.jpg,copy_dataset\4112.jpg,tiger
D:\lab1\copy_dataset\9872.jpg,copy_dataset\9872.jpg,tiger
D:\lab1\copy_dataset\9011.jpg,copy_dataset\9011.jpg,tiger
D:\lab1\copy_dataset\5414.jpg,copy_dataset\5414.jpg,tiger
D:\lab1\copy_dataset\5166.jpg,copy_dataset\5166.jpg,tiger
D:\lab1\copy_dataset\5621.jpg,copy_dataset\5621.jpg,tiger
D:\lab1\copy_dataset\1201.jpg,copy_dataset\1201.jpg,tiger
D:\lab1\copy_dataset\2955.jpg,copy_dataset\2955.jpg,tiger
D:\lab1\copy_dataset\8718.jpg,copy_dataset\8718.jpg,tiger
D:\lab1\copy_dataset\8862.jpg,copy_dataset\8862.jpg,tiger
D:\lab1\copy_dataset\3590.jpg,copy_dataset\3590.jpg,tiger
D:\lab1\copy_dataset\5763.jpg,copy_dataset\5763.jpg,tiger
D:\lab1\copy_dataset\1875.jpg,copy_dataset\1875.jpg,tiger
D:\lab1\copy_dataset\5712.jpg,copy_dataset\5712.jpg,tiger
D:\lab1\copy_dataset\5011.jpg,copy_dataset\5011.jpg,tiger
D:\lab1\copy_dataset\9082.jpg,copy_dataset\9082.jpg,tiger
D:\lab1\copy_dataset\2690.jpg,copy_dataset\2690.jpg,tiger
D:\lab1\copy_dataset\514.jpg,copy_dataset\514.jpg,tiger
D:\lab1\copy_dataset\6444.jpg,copy_dataset\6444.jpg,tiger
D:\lab1\copy_dataset\2739.jpg,copy_dataset\2739.jpg,tiger
D:\lab1\copy_dataset\5393.jpg,copy_dataset\5393.jpg,tiger
D:\lab1\copy_dataset\5216.jpg,copy_dataset\5216.jpg,tiger
D:\lab1\copy_dataset\2276.jpg,copy_dataset\2276.jpg,tiger
D:\lab1\copy_dataset\6796.jpg,copy_dataset\6796.jpg,tiger
D:\lab1\copy_dataset\7686.jpg,copy_dataset\7686.jpg,tiger
D:\lab1\copy_dataset\2714.jpg,copy_dataset\2714.jpg,tiger
D:\lab1\copy_dataset\3521.jpg,copy_dataset\3521.jpg,tiger
D:\lab1\copy_dataset\78.jpg,copy_dataset\78.jpg,tiger
D:\lab1\copy_dataset\389.jpg,copy_dataset\389.jpg,tiger
D:\lab1\copy_dataset\2782.jpg,copy_dataset\2782.jpg,tiger
D:\lab1\copy_dataset\4513.jpg,copy_dataset\4513.jpg,tiger
D:\lab1\copy_dataset\1546.jpg,copy_dataset\1546.jpg,tiger
D:\lab1\copy_dataset\6693.jpg,copy_dataset\6693.jpg,tiger
D:\lab1\copy_dataset\7092.jpg,copy_dataset\7092.jpg,tiger
D:\lab1\copy_dataset\9777.jpg,copy_dataset\9777.jpg,tiger
D:\lab1\copy_dataset\9951.jpg,copy_dataset\9951.jpg,tiger
D:\lab1\copy_dataset\4790.jpg,copy_dataset\4790.jpg,tiger
D:\lab1\copy_dataset\9105.jpg,copy_dataset\9105.jpg,tiger
D:\lab1\copy_dataset\5939.jpg,copy_dataset\5939.jpg,tiger
D:\lab1\copy_dataset\6524.jpg,copy_dataset\6524.jpg,tiger
D:\lab1\copy_dataset\6829.jpg,copy_dataset\6829.jpg,tiger
D:\lab1\copy_dataset\7067.jpg,copy_dataset\7067.jpg,tiger
D:\lab1\copy_dataset\7305.jpg,copy_dataset\7305.jpg,tiger
D:\lab1\copy_dataset\9306.jpg,copy_dataset\9306.jpg,tiger
D:\lab1\copy_dataset\7702.jpg,copy_dataset\7702.jpg,tiger
D:\lab1\copy_dataset\9464.jpg,copy_dataset\9464.jpg,tiger
D:\lab1\copy_dataset\4945.jpg,copy_dataset\4945.jpg,tiger
D:\lab1\copy_dataset\3609.jpg,copy_dataset\3609.jpg,tiger
D:\lab1\copy_dataset\4025.jpg,copy_dataset\4025.jpg,tiger
D:\lab1\copy_dataset\3395.jpg,copy_dataset\3395.jpg,tiger
D:\lab1\copy_dataset\9686.jpg,copy_dataset\9686.jpg,tiger
D:\lab1\copy_dataset\274.jpg,copy_dataset\274.jpg,tiger
D:\lab1\copy_dataset\5759.jpg,copy_dataset\5759.jpg,tiger
D:\lab1\copy_dataset\7167.jpg,copy_dataset\7167.jpg,tiger
D:\lab1\copy_dataset\2781.jpg,copy_dataset\2781.jpg,tiger
D:\lab1\copy_dataset\8435.jpg,copy_dataset\8435.jpg,tiger
D:\lab1\copy_dataset\524.jpg,copy_dataset\524.jpg,tiger
D:\lab1\copy_dataset\1142.jpg,copy_dataset\1142.jpg,tiger
D:\lab1\copy_dataset\8554.jpg,copy_dataset\8554.jpg,tiger
D:\lab1\copy_dataset\8043.jpg,copy_dataset\8043.jpg,tiger
D:\lab1\copy_dataset\5789.jpg,copy_dataset\5789.jpg,tiger
D:\lab1\copy_dataset\6503.jpg,copy_dataset\6503.jpg,tiger
D:\lab1\copy_dataset\8041.jpg,copy_dataset\8041.jpg,tiger
D:\lab1\copy_dataset\7372.jpg,copy_dataset\7372.jpg,tiger
D:\lab1\copy_dataset\5263.jpg,copy_dataset\5263.jpg,tiger
D:\lab1\copy_dataset\7808.jpg,copy_dataset\7808.jpg,tiger
D:\lab1\copy_dataset\8332.jpg,copy_dataset\8332.jpg,tiger
D:\lab1\copy_dataset\1781.jpg,copy_dataset\1781.jpg,tiger
D:\lab1\copy_dataset\9299.jpg,copy_dataset\9299.jpg,tiger
D:\lab1\copy_dataset\8494.jpg,copy_dataset\8494.jpg,tiger
D:\lab1\copy_dataset\9219.jpg,copy_dataset\9219.jpg,tiger
D:\lab1\copy_dataset\6583.jpg,copy_dataset\6583.jpg,tiger
D:\lab1\copy_dataset\1412.jpg,copy_dataset\1412.jpg,tiger
D:\lab1\copy_dataset\694.jpg,copy_dataset\694.jpg,tiger
D:\lab1\copy_dataset\8306.jpg,copy_dataset\8306.jpg,tiger
D:\lab1\copy_dataset\2148.jpg,copy_dataset\2148.jpg,tiger
D:\lab1\copy_dataset\3959.jpg,copy_dataset\3959.jpg,tiger
D:\lab1\copy_dataset\6175.jpg,copy_dataset\6175.jpg,tiger
D:\lab1\copy_dataset\8292.jpg,copy_dataset\8292.jpg,tiger
D:\lab1\copy_dataset\2317.jpg,copy_dataset\2317.jpg,tiger
D:\lab1\copy_dataset\6781.jpg,copy_dataset\6781.jpg,tiger
D:\lab1\copy_dataset\6666.jpg,copy_dataset\6666.jpg,tiger
D:\lab1\copy_dataset\713.jpg,copy_dataset\713.jpg,tiger
D:\lab1\copy_dataset\3269.jpg,copy_dataset\3269.jpg,tiger
D:\lab1\copy_dataset\3829.jpg,copy_dataset\3829.jpg,tiger
D:\lab1\copy_dataset\4541.jpg,copy_dataset\4541.jpg,tiger
D:\lab1\copy_dataset\7890.jpg,copy_dataset\7890.jpg,tiger
D:\lab1\copy_dataset\8841.jpg,copy_dataset\8841.jpg,tiger
D:\lab1\copy_dataset\9892.jpg,copy_dataset\9892.jpg,tiger
D:\lab1\copy_dataset\9816.jpg,copy_dataset\9816.jpg,tiger
D:\lab1\copy_dataset\6958.jpg,copy_dataset\6958.jpg,tiger
D:\lab1\copy_dataset\1531.jpg,copy_dataset\1531.jpg,tiger
D:\lab1\copy_dataset\4065.jpg,copy_dataset\4065.jpg,tiger
D:\lab1\copy_dataset\6507.jpg,copy_dataset\6507.jpg,tiger
D:\lab1\copy_dataset\1434.jpg,copy_dataset\1434.jpg,tiger
D:\lab1\copy_dataset\2511.jpg,copy_dataset\2511.jpg,tiger
D:\lab1\copy_dataset\7787.jpg,copy_dataset\7787.jpg,tiger
D:\lab1\copy_dataset\2135.jpg,copy_dataset\2135.jpg,tiger
D:\lab1\copy_dataset\2704.jpg,copy_dataset\2704.jpg,tiger
D:\lab1\copy_dataset\5403.jpg,copy_dataset\5403.jpg,tiger
D:\lab1\copy_dataset\9408.jpg,copy_dataset\9408.jpg,tiger
D:\lab1\copy_dataset\2191.jpg,copy_dataset\2191.jpg,tiger
D:\lab1\copy_dataset\5978.jpg,copy_dataset\5978.jpg,tiger
D:\lab1\copy_dataset\281.jpg,copy_dataset\281.jpg,tiger
D:\lab1\copy_dataset\6408.jpg,copy_dataset\6408.jpg,tiger
D:\lab1\copy_dataset\9848.jpg,copy_dataset\9848.jpg,tiger
D:\lab1\copy_dataset\4047.jpg,copy_dataset\4047.jpg,tiger
D:\lab1\copy_dataset\3197.jpg,copy_dataset\3197.jpg,tiger
D:\lab1\copy_dataset\7154.jpg,copy_dataset\7154.jpg,tiger
D:\lab1\copy_dataset\2119.jpg,copy_dataset\2119.jpg,tiger
D:\lab1\copy_dataset\2872.jpg,copy_dataset\2872.jpg,tiger
D:\lab1\copy_dataset\3620.jpg,copy_dataset\3620.jpg,tiger
D:\lab1\copy_dataset\7003.jpg,copy_dataset\7003.jpg,tiger
D:\lab1\copy_dataset\7820.jpg,copy_dataset\7820.jpg,tiger
D:\lab1\copy_dataset\9369.jpg,copy_dataset\9369.jpg,tiger
D:\lab1\copy_dataset\6391.jpg,copy_dataset\6391.jpg,tiger
D:\lab1\copy_dataset\1015.jpg,copy_dataset\1015.jpg,tiger
D:\lab1\copy_dataset\4713.jpg,copy_dataset\4713.jpg,tiger
D:\lab1\copy_dataset\4626.jpg,copy_dataset\4626.jpg,tiger
D:\lab1\copy_dataset\6723.jpg,copy_dataset\6723.jpg,tiger
D:\lab1\copy_dataset\2664.jpg,copy_dataset\2664.jpg,tiger
D:\lab1\copy_dataset\6682.jpg,copy_dataset\6682.jpg,tiger
D:\lab1\copy_dataset\400.jpg,copy_dataset\400.jpg,tiger
D:\lab1\copy_dataset\498.jpg,copy_dataset\498.jpg,tiger
D:\lab1\copy_dataset\225.jpg,copy_dataset\225.jpg,tiger
D:\lab1\copy_dataset\4935.jpg,copy_dataset\4935.jpg,tiger
D:\lab1\copy_dataset\9073.jpg,copy_dataset\9073.jpg,tiger
D:\lab1\copy_dataset\9699.jpg,copy_dataset\9699.jpg,tiger
D:\lab1\copy_dataset\1626.jpg,copy_dataset\1626.jpg,tiger
D:\lab1\copy_dataset\7882.jpg,copy_dataset\7882.jpg,tiger
D:\lab1\copy_dataset\3513.jpg,copy_dataset\3513.jpg,tiger
D:\lab1\copy_dataset\837.jpg,copy_dataset\837.jpg,tiger
D:\lab1\copy_dataset\4201.jpg,copy_dataset\4201.jpg,tiger
D:\lab1\copy_dataset\4444.jpg,copy_dataset\4444.jpg,tiger
D:\lab1\copy_dataset\4440.jpg,copy_dataset\4440.jpg,tiger
D:\lab1\copy_dataset\9251.jpg,copy_dataset\9251.jpg,tiger
D:\lab1\copy_dataset\4168.jpg,copy_dataset\4168.jpg,tiger
D:\lab1\copy_dataset\4711.jpg,copy_dataset\4711.jpg,tiger
D:\lab1\copy_dataset\5803.jpg,copy_dataset\5803.jpg,tiger
D:\lab1\copy_dataset\5381.jpg,copy_dataset\5381.jpg,tiger
D:\lab1\copy_dataset\6058.jpg,copy_dataset\6058.jpg,tiger
D:\lab1\copy_dataset\8801.jpg,copy_dataset\8801.jpg,tiger
D:\lab1\copy_dataset\7443.jpg,copy_dataset\7443.jpg,tiger
D:\lab1\copy_dataset\6480.jpg,copy_dataset\6480.jpg,tiger
D:\lab1\copy_dataset\240.jpg,copy_dataset\240.jpg,tiger
D:\lab1\copy_dataset\7955.jpg,copy_dataset\7955.jpg,tiger
D:\lab1\copy_dataset\1759.jpg,copy_dataset\1759.jpg,tiger
D:\lab1\copy_dataset\9884.jpg,copy_dataset\9884.jpg,tiger
D:\lab1\copy_dataset\9592.jpg,copy_dataset\9592.jpg,tiger
D:\lab1\copy_dataset\1508.jpg,copy_dataset\1508.jpg,tiger
D:\lab1\copy_dataset\5825.jpg,copy_dataset\5825.jpg,tiger
D:\lab1\copy_dataset\8376.jpg,copy_dataset\8376.jpg,tiger
D:\lab1\copy_dataset\8448.jpg,copy_dataset\8448.jpg,tiger
D:\lab1\copy_dataset\1049.jpg,copy_dataset\1049.jpg,tiger
D:\lab1\copy_dataset\4239.jpg,copy_dataset\4239.jpg,tiger
D:\lab1\copy_dataset\2772.jpg,copy_dataset\2772.jpg,tiger
D:\lab1\copy_dataset\6963.jpg,copy_dataset\6963.jpg,tiger
D:\lab1\copy_dataset\9304.jpg,copy_dataset\9304.jpg,tiger
D:\lab1\copy_dataset\2889.jpg,copy_dataset\2889.jpg,tiger
D:\lab1\copy_dataset\9265.jpg,copy_dataset\9265.jpg,tiger
D:\lab1\copy_dataset\6181.jpg,copy_dataset\6181.jpg,tiger
D:\lab1\copy_dataset\6481.jpg,copy_dataset\6481.jpg,tiger
D:\lab1\copy_dataset\523.jpg,copy_dataset\523.jpg,tiger
D:\lab1\copy_dataset\7722.jpg,copy_dataset\7722.jpg,tiger
D:\lab1\copy_dataset\3326.jpg,copy_dataset\3326.jpg,tiger
D:\lab1\copy_dataset\5849.jpg,copy_dataset\5849.jpg,tiger
D:\lab1\copy_dataset\767.jpg,copy_dataset\767.jpg,tiger
D:\lab1\copy_dataset\7936.jpg,copy_dataset\7936.jpg,tiger
D:\lab1\copy_dataset\1244.jpg,copy_dataset\1244.jpg,tiger
D:\lab1\copy_dataset\4271.jpg,copy_dataset\4271.jpg,tiger
D:\lab1\copy_dataset\8963.jpg,copy_dataset\8963.jpg,tiger
D:\lab1\copy_dataset\368.jpg,copy_dataset\368.jpg,tiger
D:\lab1\copy_dataset\8582.jpg,copy_dataset\8582.jpg,tiger
D:\lab1\copy_dataset\4934.jpg,copy_dataset\4934.jpg,tiger
D:\lab1\copy_dataset\7597.jpg,copy_dataset\7597.jpg,tiger
D:\lab1\copy_dataset\9168.jpg,copy_dataset\9168.jpg,tiger
D:\lab1\copy_dataset\238.jpg,copy_dataset\238.jpg,tiger
D:\lab1\copy_dataset\9297.jpg,copy_dataset\9297.jpg,tiger
D:\lab1\copy_dataset\4030.jpg,copy_dataset\4030.jpg,tiger
D:\lab1\copy_dataset\3183.jpg,copy_dataset\3183.jpg,tiger
D:\lab1\copy_dataset\7874.jpg,copy_dataset\7874.jpg,tiger
D:\lab1\copy_dataset\2567.jpg,copy_dataset\2567.jpg,tiger
D:\lab1\copy_dataset\1337.jpg,copy_dataset\1337.jpg,tiger
D:\lab1\copy_dataset\2628.jpg,copy_dataset\2628.jpg,tiger
D:\lab1\copy_dataset\3971.jpg,copy_dataset\3971.jpg,tiger
D:\lab1\copy_dataset\1762.jpg,copy_dataset\1762.jpg,tiger
D:\lab1\copy_dataset\2432.jpg,copy_dataset\2432.jpg,tiger
D:\lab1\copy_dataset\9613.jpg,copy_dataset\9613.jpg,tiger
D:\lab1\copy_dataset\5350.jpg,copy_dataset\5350.jpg,tiger
D:\lab1\copy_dataset\3050.jpg,copy_dataset\3050.jpg,tiger
D:\lab1\copy_dataset\3525.jpg,copy_dataset\3525.jpg,tiger
D:\lab1\copy_dataset\9530.jpg,copy_dataset\9530.jpg,tiger
D:\lab1\copy_dataset\7420.jpg,copy_dataset\7420.jpg,tiger
D:\lab1\copy_dataset\6579.jpg,copy_dataset\6579.jpg,tiger
D:\lab1\copy_dataset\7189.jpg,copy_dataset\7189.jpg,tiger
D:\lab1\copy_dataset\8216.jpg,copy_dataset\8216.jpg,tiger
D:\lab1\copy_dataset\5030.jpg,copy_dataset\5030.jpg,tiger
D:\lab1\copy_dataset\9933.jpg,copy_dataset\9933.jpg,tiger
D:\lab1\copy_dataset\2361.jpg,copy_dataset\2361.jpg,tiger
D:\lab1\copy_dataset\4212.jpg,copy_dataset\4212.jpg,tiger
D:\lab1\copy_dataset\5459.jpg,copy_dataset\5459.jpg,tiger
D:\lab1\copy_dataset\4665.jpg,copy_dataset\4665.jpg,tiger
D:\lab1\copy_dataset\9253.jpg,copy_dataset\9253.jpg,tiger
D:\lab1\copy_dataset\8000.jpg,copy_dataset\8000.jpg,tiger
D:\lab1\copy_dataset\1553.jpg,copy_dataset\1553.jpg,tiger
D:\lab1\copy_dataset\7206.jpg,copy_dataset\7206.jpg,tiger
D:\lab1\copy_dataset\9149.jpg,copy_dataset\9149.jpg,tiger
D:\lab1\copy_dataset\6872.jpg,copy_dataset\6872.jpg,tiger
D:\lab1\copy_dataset\3328.jpg,copy_dataset\3328.jpg,tiger
D:\lab1\copy_dataset\7303.jpg,copy_dataset\7303.jpg,tiger
D:\lab1\copy_dataset\7389.jpg,copy_dataset\7389.jpg,tiger
D:\lab1\copy_dataset\4251.jpg,copy_dataset\4251.jpg,tiger
D:\lab1\copy_dataset\4544.jpg,copy_dataset\4544.jpg,tiger
D:\lab1\copy_dataset\4146.jpg,copy_dataset\4146.jpg,tiger
D:\lab1\copy_dataset\9332.jpg,copy_dataset\9332.jpg,tiger
D:\lab1\copy_dataset\7564.jpg,copy_dataset\7564.jpg,tiger
D:\lab1\copy_dataset\8635.jpg,copy_dataset\8635.jpg,tiger
D:\lab1\copy_dataset\6449.jpg,copy_dataset\6449.jpg,tiger
D:\lab1\copy_dataset\874.jpg,copy_dataset\874.jpg,tiger
D:\lab1\copy_dataset\9326.jpg,copy_dataset\9326.jpg,tiger
D:\lab1\copy_dataset\777.jpg,copy_dataset\777.jpg,tiger
D:\lab1\copy_dataset\6476.jpg,copy_dataset\6476.jpg,tiger
D:\lab1\copy_dataset\1317.jpg,copy_dataset\1317.jpg,tiger
D:\lab1\copy_dataset\7687.jpg,copy_dataset\7687.jpg,tiger
D:\lab1\copy_dataset\4860.jpg,copy_dataset\4860.jpg,tiger
D:\lab1\copy_dataset\5203.jpg,copy_dataset\5203.jpg,tiger
D:\lab1\copy_dataset\64.jpg,copy_dataset\64.jpg,tiger
D:\lab1\copy_dataset\2417.jpg,copy_dataset\2417.jpg,tiger
D:\lab1\copy_dataset\5958.jpg,copy_dataset\5958.jpg,tiger
D:\lab1\copy_dataset\5660.jpg,copy_dataset\5660.jpg,tiger
D:\lab1\copy_dataset\3518.jpg,copy_dataset\3518.jpg,tiger
D:\lab1\copy_dataset\8555.jpg,copy_dataset\8555.jpg,tiger
D:\lab1\copy_dataset\8836.jpg,copy_dataset\8836.jpg,tiger
D:\lab1\copy_dataset\1940.jpg,copy_dataset\1940.jpg,tiger
D:\lab1\copy_dataset\9311.jpg,copy_dataset\9311.jpg,tiger
D:\lab1\copy_dataset\8515.jpg,copy_dataset\8515.jpg,tiger
D:\lab1\copy_dataset\2289.jpg,copy_dataset\2289.jpg,tiger
D:\lab1\copy_dataset\376.jpg,copy_dataset\376.jpg,tiger
D:\lab1\copy_dataset\1939.jpg,copy_dataset\1939.jpg,tiger
D:\lab1\copy_dataset\8988.jpg,copy_dataset\8988.jpg,tiger
D:\lab1\copy_dataset\5480.jpg,copy_dataset\5480.jpg,tiger
D:\lab1\copy_dataset\3886.jpg,copy_dataset\3886.jpg,tiger
D:\lab1\copy_dataset\2451.jpg,copy_dataset\2451.jpg,tiger
D:\lab1\copy_dataset\3026.jpg,copy_dataset\3026.jpg,tiger
D:\lab1\copy_dataset\6646.jpg,copy_dataset\6646.jpg,tiger
D:\lab1\copy_dataset\502.jpg,copy_dataset\502.jpg,tiger
D:\lab1\copy_dataset\5868.jpg,copy_dataset\5868.jpg,tiger
D:\lab1\copy_dataset\6953.jpg,copy_dataset\6953.jpg,tiger
D:\lab1\copy_dataset\853.jpg,copy_dataset\853.jpg,tiger
D:\lab1\copy_dataset\9910.jpg,copy_dataset\9910.jpg,tiger
D:\lab1\copy_dataset\1576.jpg,copy_dataset\1576.jpg,tiger
D:\lab1\copy_dataset\6035.jpg,copy_dataset\6035.jpg,tiger
D:\lab1\copy_dataset\2255.jpg,copy_dataset\2255.jpg,tiger
D:\lab1\copy_dataset\9626.jpg,copy_dataset\9626.jpg,tiger
D:\lab1\copy_dataset\4064.jpg,copy_dataset\4064.jpg,tiger
D:\lab1\copy_dataset\5127.jpg,copy_dataset\5127.jpg,tiger
D:\lab1\copy_dataset\5344.jpg,copy_dataset\5344.jpg,tiger
D:\lab1\copy_dataset\2508.jpg,copy_dataset\2508.jpg,tiger
D:\lab1\copy_dataset\1683.jpg,copy_dataset\1683.jpg,tiger
D:\lab1\copy_dataset\6322.jpg,copy_dataset\6322.jpg,tiger
D:\lab1\copy_dataset\5384.jpg,copy_dataset\5384.jpg,tiger
D:\lab1\copy_dataset\7507.jpg,copy_dataset\7507.jpg,tiger
D:\lab1\copy_dataset\7654.jpg,copy_dataset\7654.jpg,tiger
D:\lab1\copy_dataset\2442.jpg,copy_dataset\2442.jpg,tiger
D:\lab1\copy_dataset\1338.jpg,copy_dataset\1338.jpg,tiger
D:\lab1\copy_dataset\2792.jpg,copy_dataset\2792.jpg,tiger
D:\lab1\copy_dataset\5243.jpg,copy_dataset\5243.jpg,tiger
D:\lab1\copy_dataset\603.jpg,copy_dataset\603.jpg,tiger
D:\lab1\copy_dataset\8732.jpg,copy_dataset\8732.jpg,tiger
D:\lab1\copy_dataset\4936.jpg,copy_dataset\4936.jpg,tiger
D:\lab1\copy_dataset\4362.jpg,copy_dataset\4362.jpg,tiger
D:\lab1\copy_dataset\9346.jpg,copy_dataset\9346.jpg,tiger
D:\lab1\copy_dataset\9559.jpg,copy_dataset\9559.jpg,tiger
D:\lab1\copy_dataset\20.jpg,copy_dataset\20.jpg,tiger
D:\lab1\copy_dataset\6496.jpg,copy_dataset\6496.jpg,tiger
D:\lab1\copy_dataset\6955.jpg,copy_dataset\6955.jpg,tiger
D:\lab1\copy_dataset\836.jpg,copy_dataset\836.jpg,tiger
D:\lab1\copy_dataset\4699.jpg,copy_dataset\4699.jpg,tiger
D:\lab1\copy_dataset\7546.jpg,copy_dataset\7546.jpg,tiger
D:\lab1\copy_dataset\7803.jpg,copy_dataset\7803.jpg,tiger
D:\lab1\copy_dataset\4615.jpg,copy_dataset\4615.jpg,tiger
D:\lab1\copy_dataset\4596.jpg,copy_dataset\4596.jpg,tiger
D:\lab1\copy_dataset\8026.jpg,copy_dataset\8026.jpg,tiger
D:\lab1\copy_dataset\2973.jpg,copy_dataset\2973.jpg,tiger
D:\lab1\copy_dataset\4985.jpg,copy_dataset\4985.jpg,tiger
D:\lab1\copy_dataset\851.jpg,copy_dataset\851.jpg,tiger
D:\lab1\copy_dataset\4022.jpg,copy_dataset\4022.jpg,tiger
D:\lab1\copy_dataset\9678.jpg,copy_dataset\9678.jpg,tiger
D:\lab1\copy_dataset\2366.jpg,copy_dataset\2366.jpg,tiger
D:\lab1\copy_dataset\9127.jpg,copy_dataset\9127.jpg,tiger
D:\lab1\copy_dataset\786.jpg,copy_dataset\786.jpg,tiger
D:\lab1\copy_dataset\8633.jpg,copy_dataset\8633.jpg,tiger
D:\lab1\copy_dataset\5953.jpg,copy_dataset\5953.jpg,tiger
D:\lab1\copy_dataset\9203.jpg,copy_dataset\9203.jpg,tiger
D:\lab1\copy_dataset\8908.jpg,copy_dataset\8908.jpg,tiger
D:\lab1\copy_dataset\5923.jpg,copy_dataset\5923.jpg,tiger
D:\lab1\copy_dataset\8462.jpg,copy_dataset\8462.jpg,tiger
D:\lab1\copy_dataset\1265.jpg,copy_dataset\1265.jpg,tiger
D:\lab1\copy_dataset\3055.jpg,copy_dataset\3055.jpg,tiger
D:\lab1\copy_dataset\5614.jpg,copy_dataset\5614.jpg,tiger
D:\lab1\copy_dataset\4623.jpg,copy_dataset\4623.jpg,tiger
D:\lab1\copy_dataset\4566.jpg,copy_dataset\4566.jpg,tiger
D:\lab1\copy_dataset\9485.jpg,copy_dataset\9485.jpg,tiger
D:\lab1\copy_dataset\478.jpg,copy_dataset\478.jpg,tiger
D:\lab1\copy_dataset\6409.jpg,copy_dataset\6409.jpg,tiger
D:\lab1\copy_dataset\1209.jpg,copy_dataset\1209.jpg,tiger
D:\lab1\copy_dataset\8378.jpg,copy_dataset\8378.jpg,tiger
D:\lab1\copy_dataset\2551.jpg,copy_dataset\2551.jpg,tiger
D:\lab1\copy_dataset\3866.jpg,copy_dataset\3866.jpg,tiger
D:\lab1\copy_dataset\1948.jpg,copy_dataset\1948.jpg,tiger
D:\lab1\copy_dataset\2902.jpg,copy_dataset\2902.jpg,tiger
D:\lab1\copy_dataset\7491.jpg,copy_dataset\7491.jpg,tiger
D:\lab1\copy_dataset\2139.jpg,copy_dataset\2139.jpg,tiger
D:\lab1\copy_dataset\6780.jpg,copy_dataset\6780.jpg,tiger
D:\lab1\copy_dataset\226.jpg,copy_dataset\226.jpg,tiger
D:\lab1\copy_dataset\6617.jpg,copy_dataset\6617.jpg,tiger
D:\lab1\copy_dataset\5272.jpg,copy_dataset\5272.jpg,tiger
D:\lab1\copy_dataset\5025.jpg,copy_dataset\5025.jpg,tiger
D:\lab1\copy_dataset\6547.jpg,copy_dataset\6547.jpg,tiger
D:\lab1\copy_dataset\1350.jpg,copy_dataset\1350.jpg,tiger
D:\lab1\copy_dataset\7457.jpg,copy_dataset\7457.jpg,tiger
D:\lab1\copy_dataset\7996.jpg,copy_dataset\7996.jpg,tiger
D:\lab1\copy_dataset\8417.jpg,copy_dataset\8417.jpg,tiger
D:\lab1\copy_dataset\1931.jpg,copy_dataset\1931.jpg,tiger
D:\lab1\copy_dataset\2922.jpg,copy_dataset\2922.jpg,tiger
D:\lab1\copy_dataset\7620.jpg,copy_dataset\7620.jpg,tiger
D:\lab1\copy_dataset\3453.jpg,copy_dataset\3453.jpg,tiger
D:\lab1\copy_dataset\2155.jpg,copy_dataset\2155.jpg,tiger
D:\lab1\copy_dataset\6652.jpg,copy_dataset\6652.jpg,tiger
D:\lab1\copy_dataset\6417.jpg,copy_dataset\6417.jpg,tiger
D:\lab1\copy_dataset\2914.jpg,copy_dataset\2914.jpg,tiger
D:\lab1\copy_dataset\727.jpg,copy_dataset\727.jpg,tiger
D:\lab1\copy_dataset\8338.jpg,copy_dataset\8338.jpg,tiger
D:\lab1\copy_dataset\4149.jpg,copy_dataset\4149.jpg,tiger
D:\lab1\copy_dataset\2777.jpg,copy_dataset\2777.jpg,tiger
D:\lab1\copy_dataset\8114.jpg,copy_dataset\8114.jpg,tiger
D:\lab1\copy_dataset\2824.jpg,copy_dataset\2824.jpg,tiger
D:\lab1\copy_dataset\4540.jpg,copy_dataset\4540.jpg,tiger
D:\lab1\copy_dataset\4393.jpg,copy_dataset\4393.jpg,tiger
D:\lab1\copy_dataset\3900.jpg,copy_dataset\3900.jpg,tiger
D:\lab1\copy_dataset\5689.jpg,copy_dataset\5689.jpg,tiger
D:\lab1\copy_dataset\2030.jpg,copy_dataset\2030.jpg,tiger
D:\lab1\copy_dataset\2750.jpg,copy_dataset\2750.jpg,tiger
D:\lab1\copy_dataset\3875.jpg,copy_dataset\3875.jpg,tiger
D:\lab1\copy_dataset\4939.jpg,copy_dataset\4939.jpg,tiger
D:\lab1\copy_dataset\1727.jpg,copy_dataset\1727.jpg,tiger
D:\lab1\copy_dataset\8080.jpg,copy_dataset\8080.jpg,tiger
D:\lab1\copy_dataset\9123.jpg,copy_dataset\9123.jpg,tiger
D:\lab1\copy_dataset\9295.jpg,copy_dataset\9295.jpg,tiger
D:\lab1\copy_dataset\1907.jpg,copy_dataset\1907.jpg,tiger
D:\lab1\copy_dataset\6517.jpg,copy_dataset\6517.jpg,tiger
D:\lab1\copy_dataset\5009.jpg,copy_dataset\5009.jpg,tiger
D:\lab1\copy_dataset\204.jpg,copy_dataset\204.jpg,tiger
D:\lab1\copy_dataset\6062.jpg,copy_dataset\6062.jpg,tiger
D:\lab1\copy_dataset\9628.jpg,copy_dataset\9628.jpg,tiger
D:\lab1\copy_dataset\7321.jpg,copy_dataset\7321.jpg,tiger
D:\lab1\copy_dataset\4353.jpg,copy_dataset\4353.jpg,tiger
D:\lab1\copy_dataset\8658.jpg,copy_dataset\8658.jpg,tiger
D:\lab1\copy_dataset\6551.jpg,copy_dataset\6551.jpg,tiger
D:\lab1\copy_dataset\7121.jpg,copy_dataset\7121.jpg,tiger
D:\lab1\copy_dataset\4471.jpg,copy_dataset\4471.jpg,tiger
D:\lab1\copy_dataset\6535.jpg,copy_dataset\6535.jpg,tiger
D:\lab1\copy_dataset\2286.jpg,copy_dataset\2286.jpg,tiger
D:\lab1\copy_dataset\1787.jpg,copy_dataset\1787.jpg,tiger
D:\lab1\copy_dataset\9439.jpg,copy_dataset\9439.jpg,tiger
D:\lab1\copy_dataset\1245.jpg,copy_dataset\1245.jpg,tiger
D:\lab1\copy_dataset\7423.jpg,copy_dataset\7423.jpg,tiger
D:\lab1\copy_dataset\8439.jpg,copy_dataset\8439.jpg,tiger
D:\lab1\copy_dataset\5430.jpg,copy_dataset\5430.jpg,tiger
D:\lab1\copy_dataset\2409.jpg,copy_dataset\2409.jpg,tiger
D:\lab1\copy_dataset\9210.jpg,copy_dataset\9210.jpg,tiger
D:\lab1\copy_dataset\8579.jpg,copy_dataset\8579.jpg,tiger
D:\lab1\copy_dataset\2225.jpg,copy_dataset\2225.jpg,tiger
D:\lab1\copy_dataset\470.jpg,copy_dataset\470.jpg,tiger
D:\lab1\copy_dataset\7085.jpg,copy_dataset\7085.jpg,tiger
D:\lab1\copy_dataset\5720.jpg,copy_dataset\5720.jpg,tiger
D:\lab1\copy_dataset\4313.jpg,copy_dataset\4313.jpg,tiger
D:\lab1\copy_dataset\6155.jpg,copy_dataset\6155.jpg,tiger
D:\lab1\copy_dataset\5665.jpg,copy_dataset\5665.jpg,tiger
D:\lab1\copy_dataset\6593.jpg,copy_dataset\6593.jpg,tiger
D:\lab1\copy_dataset\305.jpg,copy_dataset\305.jpg,tiger
D:\lab1\copy_dataset\5395.jpg,copy_dataset\5395.jpg,tiger
D:\lab1\copy_dataset\3105.jpg,copy_dataset\3105.jpg,tiger
D:\lab1\copy_dataset\6353.jpg,copy_dataset\6353.jpg,tiger
D:\lab1\copy_dataset\2529.jpg,copy_dataset\2529.jpg,tiger
D:\lab1\copy_dataset\1733.jpg,copy_dataset\1733.jpg,tiger
D:\lab1\copy_dataset\550.jpg,copy_dataset\550.jpg,tiger
D:\lab1\copy_dataset\3247.jpg,copy_dataset\3247.jpg,tiger
D:\lab1\copy_dataset\4077.jpg,copy_dataset\4077.jpg,tiger
D:\lab1\copy_dataset\3969.jpg,copy_dataset\3969.jpg,tiger
D:\lab1\copy_dataset\1915.jpg,copy_dataset\1915.jpg,tiger
D:\lab1\copy_dataset\9267.jpg,copy_dataset\9267.jpg,tiger
D:\lab1\copy_dataset\5252.jpg,copy_dataset\5252.jpg,tiger
D:\lab1\copy_dataset\9092.jpg,copy_dataset\9092.jpg,tiger
D:\lab1\copy_dataset\642.jpg,copy_dataset\642.jpg,tiger
D:\lab1\copy_dataset\892.jpg,copy_dataset\892.jpg,tiger
D:\lab1\copy_dataset\6495.jpg,copy_dataset\6495.jpg,tiger
D:\lab1\copy_dataset\1292.jpg,copy_dataset\1292.jpg,tiger
D:\lab1\copy_dataset\9679.jpg,copy_dataset\9679.jpg,tiger
D:\lab1\copy_dataset\9249.jpg,copy_dataset\9249.jpg,tiger
D:\lab1\copy_dataset\6890.jpg,copy_dataset\6890.jpg,tiger
D:\lab1\copy_dataset\1823.jpg,copy_dataset\1823.jpg,tiger
D:\lab1\copy_dataset\5357.jpg,copy_dataset\5357.jpg,tiger
D:\lab1\copy_dataset\7971.jpg,copy_dataset\7971.jpg,tiger
D:\lab1\copy_dataset\726.jpg,copy_dataset\726.jpg,tiger
D:\lab1\copy_dataset\5202.jpg,copy_dataset\5202.jpg,tiger
D:\lab1\copy_dataset\6210.jpg,copy_dataset\6210.jpg,tiger
D:\lab1\copy_dataset\2711.jpg,copy_dataset\2711.jpg,tiger
D:\lab1\copy_dataset\3862.jpg,copy_dataset\3862.jpg,tiger
D:\lab1\copy_dataset\55.jpg,copy_dataset\55.jpg,tiger
D:\lab1\copy_dataset\6200.jpg,copy_dataset\6200.jpg,tiger
D:\lab1\copy_dataset\1877.jpg,copy_dataset\1877.jpg,tiger
D:\lab1\copy_dataset\7554.jpg,copy_dataset\7554.jpg,tiger
D:\lab1\copy_dataset\608.jpg,copy_dataset\608.jpg,tiger
D:\lab1\copy_dataset\1485.jpg,copy_dataset\1485.jpg,tiger
D:\lab1\copy_dataset\9206.jpg,copy_dataset\9206.jpg,tiger
D:\lab1\copy_dataset\9943.jpg,copy_dataset\9943.jpg,tiger
D:\lab1\copy_dataset\4083.jpg,copy_dataset\4083.jpg,tiger
D:\lab1\copy_dataset\3519.jpg,copy_dataset\3519.jpg,tiger
D:\lab1\copy_dataset\9582.jpg,copy_dataset\9582.jpg,tiger
D:\lab1\copy_dataset\4434.jpg,copy_dataset\4434.jpg,tiger
D:\lab1\copy_dataset\5126.jpg,copy_dataset\5126.jpg,tiger
D:\lab1\copy_dataset\1757.jpg,copy_dataset\1757.jpg,tiger
D:\lab1\copy_dataset\7326.jpg,copy_dataset\7326.jpg,tiger
D:\lab1\copy_dataset\8912.jpg,copy_dataset\8912.jpg,tiger
D:\lab1\copy_dataset\2098.jpg,copy_dataset\2098.jpg,tiger
D:\lab1\copy_dataset\6473.jpg,copy_dataset\6473.jpg,tiger
D:\lab1\copy_dataset\1864.jpg,copy_dataset\1864.jpg,tiger
D:\lab1\copy_dataset\6542.jpg,copy_dataset\6542.jpg,tiger
D:\lab1\copy_dataset\6180.jpg,copy_dataset\6180.jpg,tiger
D:\lab1\copy_dataset\5123.jpg,copy_dataset\5123.jpg,tiger
D:\lab1\copy_dataset\9352.jpg,copy_dataset\9352.jpg,tiger
D:\lab1\copy_dataset\4991.jpg,copy_dataset\4991.jpg,tiger
D:\lab1\copy_dataset\5519.jpg,copy_dataset\5519.jpg,tiger
D:\lab1\copy_dataset\9995.jpg,copy_dataset\9995.jpg,tiger
D:\lab1\copy_dataset\613.jpg,copy_dataset\613.jpg,tiger
D:\lab1\copy_dataset\662.jpg,copy_dataset\662.jpg,tiger
D:\lab1\copy_dataset\6599.jpg,copy_dataset\6599.jpg,tiger
D:\lab1\copy_dataset\6501.jpg,copy_dataset\6501.jpg,tiger
D:\lab1\copy_dataset\6809.jpg,copy_dataset\6809.jpg,tiger
D:\lab1\copy_dataset\3452.jpg,copy_dataset\3452.jpg,tiger
D:\lab1\copy_dataset\4635.jpg,copy_dataset\4635.jpg,tiger
D:\lab1\copy_dataset\7133.jpg,copy_dataset\7133.jpg,tiger
D:\lab1\copy_dataset\670.jpg,copy_dataset\670.jpg,tiger
D:\lab1\copy_dataset\1402.jpg,copy_dataset\1402.jpg,tiger
D:\lab1\copy_dataset\2265.jpg,copy_dataset\2265.jpg,tiger
D:\lab1\copy_dataset\2303.jpg,copy_dataset\2303.jpg,tiger
D:\lab1\copy_dataset\324.jpg,copy_dataset\324.jpg,tiger
D:\lab1\copy_dataset\8880.jpg,copy_dataset\8880.jpg,tiger
D:\lab1\copy_dataset\8500.jpg,copy_dataset\8500.jpg,tiger
D:\lab1\copy_dataset\4631.jpg,copy_dataset\4631.jpg,tiger
D:\lab1\copy_dataset\3657.jpg,copy_dataset\3657.jpg,tiger
D:\lab1\copy_dataset\4572.jpg,copy_dataset\4572.jpg,tiger
D:\lab1\copy_dataset\4633.jpg,copy_dataset\4633.jpg,tiger
D:\lab1\copy_dataset\522.jpg,copy_dataset\522.jpg,tiger
D:\lab1\copy_dataset\2215.jpg,copy_dataset\2215.jpg,tiger
D:\lab1\copy_dataset\157.jpg,copy_dataset\157.jpg,tiger
D:\lab1\copy_dataset\5733.jpg,copy_dataset\5733.jpg,tiger
D:\lab1\copy_dataset\9131.jpg,copy_dataset\9131.jpg,tiger
D:\lab1\copy_dataset\9870.jpg,copy_dataset\9870.jpg,tiger
D:\lab1\copy_dataset\5822.jpg,copy_dataset\5822.jpg,tiger
D:\lab1\copy_dataset\5649.jpg,copy_dataset\5649.jpg,tiger
D:\lab1\copy_dataset\6254.jpg,copy_dataset\6254.jpg,tiger
D:\lab1\copy_dataset\909.jpg,copy_dataset\909.jpg,tiger
D:\lab1\copy_dataset\1010.jpg,copy_dataset\1010.jpg,tiger
D:\lab1\copy_dataset\8556.jpg,copy_dataset\8556.jpg,tiger
D:\lab1\copy_dataset\4895.jpg,copy_dataset\4895.jpg,tiger
D:\lab1\copy_dataset\4719.jpg,copy_dataset\4719.jpg,tiger
D:\lab1\copy_dataset\2404.jpg,copy_dataset\2404.jpg,tiger
D:\lab1\copy_dataset\9492.jpg,copy_dataset\9492.jpg,tiger
D:\lab1\copy_dataset\9993.jpg,copy_dataset\9993.jpg,tiger
D:\lab1\copy_dataset\8810.jpg,copy_dataset\8810.jpg,tiger
D:\lab1\copy_dataset\4148.jpg,copy_dataset\4148.jpg,tiger
D:\lab1\copy_dataset\5408.jpg,copy_dataset\5408.jpg,tiger
D:\lab1\copy_dataset\1614.jpg,copy_dataset\1614.jpg,tiger
D:\lab1\copy_dataset\9584.jpg,copy_dataset\9584.jpg,tiger
D:\lab1\copy_dataset\7608.jpg,copy_dataset\7608.jpg,tiger
D:\lab1\copy_dataset\5601.jpg,copy_dataset\5601.jpg,tiger
D:\lab1\copy_dataset\220.jpg,copy_dataset\220.jpg,tiger
D:\lab1\copy_dataset\3118.jpg,copy_dataset\3118.jpg,tiger
D:\lab1\copy_dataset\1712.jpg,copy_dataset\1712.jpg,tiger
D:\lab1\copy_dataset\7396.jpg,copy_dataset\7396.jpg,tiger
D:\lab1\copy_dataset\5365.jpg,copy_dataset\5365.jpg,tiger
D:\lab1\copy_dataset\679.jpg,copy_dataset\679.jpg,tiger
D:\lab1\copy_dataset\405.jpg,copy_dataset\405.jpg,tiger
D:\lab1\copy_dataset\8539.jpg,copy_dataset\8539.jpg,tiger
D:\lab1\copy_dataset\9997.jpg,copy_dataset\9997.jpg,tiger
D:\lab1\copy_dataset\6689.jpg,copy_dataset\6689.jpg,tiger
D:\lab1\copy_dataset\373.jpg,copy_dataset\373.jpg,tiger
D:\lab1\copy_dataset\1135.jpg,copy_dataset\1135.jpg,tiger
D:\lab1\copy_dataset\9841.jpg,copy_dataset\9841.jpg,tiger
D:\lab1\copy_dataset\2764.jpg,copy_dataset\2764.jpg,tiger
D:\lab1\copy_dataset\9437.jpg,copy_dataset\9437.jpg,tiger
D:\lab1\copy_dataset\8193.jpg,copy_dataset\8193.jpg,tiger
D:\lab1\copy_dataset\9842.jpg,copy_dataset\9842.jpg,tiger
D:\lab1\copy_dataset\8357.jpg,copy_dataset\8357.jpg,tiger
D:\lab1\copy_dataset\4641.jpg,copy_dataset\4641.jpg,tiger
D:\lab1\copy_dataset\1959.jpg,copy_dataset\1959.jpg,tiger
D:\lab1\copy_dataset\7293.jpg,copy_dataset\7293.jpg,tiger
D:\lab1\copy_dataset\4656.jpg,copy_dataset\4656.jpg,tiger
D:\lab1\copy_dataset\6680.jpg,copy_dataset\6680.jpg,tiger
D:\lab1\copy_dataset\6192.jpg,copy_dataset\6192.jpg,tiger
D:\lab1\copy_dataset\3864.jpg,copy_dataset\3864.jpg,tiger
D:\lab1\copy_dataset\8399.jpg,copy_dataset\8399.jpg,tiger
D:\lab1\copy_dataset\5180.jpg,copy_dataset\5180.jpg,tiger
D:\lab1\copy_dataset\8715.jpg,copy_dataset\8715.jpg,tiger
D:\lab1\copy_dataset\9791.jpg,copy_dataset\9791.jpg,tiger
D:\lab1\copy_dataset\1411.jpg,copy_dataset\1411.jpg,tiger
D:\lab1\copy_dataset\4564.jpg,copy_dataset\4564.jpg,tiger
D:\lab1\copy_dataset\8131.jpg,copy_dataset\8131.jpg,tiger
D:\lab1\copy_dataset\4153.jpg,copy_dataset\4153.jpg,tiger
D:\lab1\copy_dataset\6491.jpg,copy_dataset\6491.jpg,tiger
D:\lab1\copy_dataset\8428.jpg,copy_dataset\8428.jpg,tiger
D:\lab1\copy_dataset\6981.jpg,copy_dataset\6981.jpg,tiger
D:\lab1\copy_dataset\3293.jpg,copy_dataset\3293.jpg,tiger
D:\lab1\copy_dataset\8736.jpg,copy_dataset\8736.jpg,tiger
D:\lab1\copy_dataset\636.jpg,copy_dataset\636.jpg,tiger
D:\lab1\copy_dataset\531.jpg,copy_dataset\531.jpg,tiger
D:\lab1\copy_dataset\1300.jpg,copy_dataset\1300.jpg,tiger
D:\lab1\copy_dataset\8421.jpg,copy_dataset\8421.jpg,tiger
D:\lab1\copy_dataset\2112.jpg,copy_dataset\2112.jpg,tiger
D:\lab1\copy_dataset\946.jpg,copy_dataset\946.jpg,tiger
D:\lab1\copy_dataset\3780.jpg,copy_dataset\3780.jpg,tiger
D:\lab1\copy_dataset\626.jpg,copy_dataset\626.jpg,tiger
D:\lab1\copy_dataset\1918.jpg,copy_dataset\1918.jpg,tiger
D:\lab1\copy_dataset\2752.jpg,copy_dataset\2752.jpg,tiger
D:\lab1\copy_dataset\1180.jpg,copy_dataset\1180.jpg,tiger
D:\lab1\copy_dataset\9274.jpg,copy_dataset\9274.jpg,tiger
D:\lab1\copy_dataset\6186.jpg,copy_dataset\6186.jpg,tiger
D:\lab1\copy_dataset\9102.jpg,copy_dataset\9102.jpg,tiger
D:\lab1\copy_dataset\2095.jpg,copy_dataset\2095.jpg,tiger
D:\lab1\copy_dataset\4854.jpg,copy_dataset\4854.jpg,tiger
D:\lab1\copy_dataset\4828.jpg,copy_dataset\4828.jpg,tiger
D:\lab1\copy_dataset\4152.jpg,copy_dataset\4152.jpg,tiger
D:\lab1\copy_dataset\4532.jpg,copy_dataset\4532.jpg,tiger
D:\lab1\copy_dataset\1934.jpg,copy_dataset\1934.jpg,tiger
D:\lab1\copy_dataset\3424.jpg,copy_dataset\3424.jpg,tiger
D:\lab1\copy_dataset\2445.jpg,copy_dataset\2445.jpg,tiger
D:\lab1\copy_dataset\4620.jpg,copy_dataset\4620.jpg,tiger
D:\lab1\copy_dataset\4427.jpg,copy_dataset\4427.jpg,tiger
D:\lab1\copy_dataset\6245.jpg,copy_dataset\6245.jpg,tiger
D:\lab1\copy_dataset\1467.jpg,copy_dataset\1467.jpg,tiger
D:\lab1\copy_dataset\5503.jpg,copy_dataset\5503.jpg,tiger
D:\lab1\copy_dataset\9483.jpg,copy_dataset\9483.jpg,tiger
D:\lab1\copy_dataset\3712.jpg,copy_dataset\3712.jpg,tiger
D:\lab1\copy_dataset\7191.jpg,copy_dataset\7191.jpg,tiger
D:\lab1\copy_dataset\8832.jpg,copy_dataset\8832.jpg,tiger
D:\lab1\copy_dataset\8851.jpg,copy_dataset\8851.jpg,tiger
D:\lab1\copy_dataset\4089.jpg,copy_dataset\4089.jpg,tiger
D:\lab1\copy_dataset\3846.jpg,copy_dataset\3846.jpg,tiger
D:\lab1\copy_dataset\2144.jpg,copy_dataset\2144.jpg,tiger
D:\lab1\copy_dataset\5294.jpg,copy_dataset\5294.jpg,tiger
D:\lab1\copy_dataset\2306.jpg,copy_dataset\2306.jpg,tiger
D:\lab1\copy_dataset\3758.jpg,copy_dataset\3758.jpg,tiger
D:\lab1\copy_dataset\9741.jpg,copy_dataset\9741.jpg,tiger
D:\lab1\copy_dataset\2526.jpg,copy_dataset\2526.jpg,tiger
D:\lab1\copy_dataset\7681.jpg,copy_dataset\7681.jpg,tiger
D:\lab1\copy_dataset\6630.jpg,copy_dataset\6630.jpg,tiger
D:\lab1\copy_dataset\167.jpg,copy_dataset\167.jpg,tiger
